License Plate Number,Car Model,Registration Year,Car Color,Country of Origin,State
AP 17 QW 3853,SUV,2009,Blue,India,Andhra Pradesh
DN 78 IB 5255,Hatchback,2003,White,India,Dadra and Nagar Haveli
PN 37 VR 9512,Sedan,2017,Silver,India,Punjab
RJ 36 NR 2615,SUV,2019,Black,India,Rajasthan
ML 67 RY 9489,SUV,2020,White,India,Meghalaya
OD 01 IW 7023,Sports Car,2017,Blue,India,Odissa
SK 97 YK 7831,SUV,2013,Red,India,Sikkim
TS 66 UJ 7265,Hatchback,2003,White,India,Telangana
MZ 95 MC 0243,SUV,2014,White,India,Mizoram
RJ 33 EG 7236,Sedan,2022,Silver,India,Rajasthan
AP 84 NM 6975,Hatchback,2000,Red,India,Andhra Pradesh
JH 91 HO 3683,Hatchback,2022,Silver,India,Jharkhand
AR 31 OB 2226,Sports Car,2019,Black,India,Arunachal Pradesh
HP 00 FU 8000,Sedan,2005,White,India,Himachal Pradesh
JK 86 CP 0879,Sports Car,2015,Silver,India,Jammu and Kashmir
CG 66 MM 6542,Hatchback,2005,White,India,Chhattisgarh
MH 95 HF 9973,Hatchback,2008,White,India,Maharashtra
DL 07 OE 4935,Sedan,2017,White,India,Delhi
OD 50 PH 1485,Sedan,2002,Silver,India,Odissa
HR 45 XI 6512,Sports Car,2006,White,India,Haryana
DD 62 PL 9284,Sports Car,2007,Silver,India,Daman and Diu
OD 84 CC 0610,Sedan,2010,Red,India,Odissa
WB 13 RP 5676,Hatchback,2008,Silver,India,West Bengal
PN 23 BY 4994,SUV,2019,Silver,India,Punjab
JK 98 DT 4281,Sedan,2004,Red,India,Jammu and Kashmir
OD 74 OT 0214,SUV,2010,Silver,India,Odissa
PY 66 KW 3991,Hatchback,2009,Silver,India,Pondicherry
HR 82 JK 7225,Sports Car,2000,Red,India,Haryana
KL 41 QW 7810,Sedan,2020,Silver,India,Kerala
UK 02 MP 1738,Sports Car,2005,White,India,Uttarakhand
JH 09 RT 0099,Sedan,2004,Blue,India,Jharkhand
AR 86 KC 1649,Sedan,2011,Silver,India,Arunachal Pradesh
LD 57 WJ 7825,Sports Car,2022,Red,India,Lakshadweep
DN 40 JB 5526,Sedan,2013,White,India,Dadra and Nagar Haveli
PN 07 KJ 2650,Sports Car,2009,Black,India,Punjab
MH 41 FA 9286,SUV,2010,Blue,India,Maharashtra
GA 93 PS 9000,Sports Car,2003,White,India,Goa
UK 34 AA 3361,SUV,2004,White,India,Uttarakhand
AP 78 TZ 3414,SUV,2000,White,India,Andhra Pradesh
KA 12 QT 9790,Sedan,2004,Red,India,Karnataka
UK 66 GI 3286,Sedan,2016,White,India,Uttarakhand
AN 01 OC 4876,SUV,2006,Blue,India,Andaman and Nicobar
ML 59 NF 5907,Hatchback,2012,Silver,India,Meghalaya
BR 06 KU 2091,Hatchback,2016,Black,India,Bihar
WB 00 TA 8196,SUV,2018,Red,India,West Bengal
AP 90 QR 4105,Sedan,2019,Blue,India,Andhra Pradesh
DN 86 LM 3084,Sedan,2003,Blue,India,Dadra and Nagar Haveli
HP 86 RV 9659,SUV,2022,Red,India,Himachal Pradesh
MH 20 RZ 2148,Sports Car,2004,Black,India,Maharashtra
HP 36 KY 6953,SUV,2022,Black,India,Himachal Pradesh
